amfi_code,Tracking_Error
102886,0.22560814215136635
119095,0.28578133369850933
100025,0.134535144155856
100016,0.19928360293890285
119599,0.2771351379626375
